,Id,CreationDate,PostId,RelatedPostId,LinkTypeId
0,9,2014-05-14T07:56:34.437,14,1,1
1,50,2014-05-15T01:46:28.467,75,71,1
2,172,2014-05-20T17:42:19.287,59,41,1
3,387,2014-06-13T16:44:29.323,361,61,1
4,392,2014-06-13T16:58:23.247,61,361,1
5,451,2014-06-14T21:14:55.363,370,155,1
6,583,2014-06-17T05:29:11.830,422,155,1
7,789,2014-06-19T10:31:16.540,477,461,1
8,897,2014-06-22T16:56:52.783,518,458,1
9,1089,2014-06-26T05:31:41.193,477,461,3
10,1181,2014-06-27T16:40:17.393,616,22,1
11,2265,2014-07-22T09:03:49.270,808,739,1
12,2362,2014-07-24T02:23:23.703,825,223,1
13,2442,2014-07-25T16:26:00.903,838,829,3
14,2560,2014-07-28T12:07:25.573,554,52,1
15,2870,2014-08-07T12:24:39.557,934,810,1
16,2945,2014-08-08T20:46:58.493,948,859,1
17,3020,2014-08-11T15:19:58.320,954,955,1
18,3049,2014-08-12T08:00:42.737,955,954,1
19,3400,2014-08-14T04:28:36.933,974,917,1
20,4741,2014-08-20T19:31:26.227,1011,334,1
21,5030,2014-08-28T01:36:40.540,1053,948,1
22,5387,2014-09-12T15:20:51.767,1107,454,1
23,5388,2014-09-12T16:26:15.827,1108,1107,1
24,5780,2014-09-17T10:16:07.100,1132,22,1
25,5848,2014-09-19T07:15:13.803,1141,808,1
26,5849,2014-09-19T07:15:13.803,1141,739,1
27,6169,2014-09-28T12:51:43.823,1174,211,1
28,6508,2014-10-07T01:49:29.913,1208,992,1
29,7275,2014-10-20T15:07:07.377,2316,2313,1
30,7370,2014-10-21T14:09:06.617,2316,2313,3
31,7795,2014-11-01T10:16:55.557,2343,842,1
32,8370,2014-11-13T09:57:42.740,2460,2403,1
33,9841,2014-12-10T01:59:48.700,2654,52,1
34,9842,2014-12-10T02:05:33.430,2654,834,1
35,11720,2014-12-21T11:43:35.100,2510,739,1
36,11856,2014-12-23T04:46:33.330,3750,1021,1
37,11867,2014-12-23T09:43:34.677,3751,2651,1
38,11875,2014-12-23T15:42:50.883,3750,1021,3
39,12105,2014-12-27T17:55:03.700,3738,3769,1
40,12372,2015-01-01T20:19:20.997,3794,3772,1
41,12386,2015-01-02T06:02:26.190,3794,3738,1
42,12435,2015-01-03T01:17:47.957,1174,3738,1
43,12495,2015-01-04T05:22:48.670,2346,758,1
44,12496,2015-01-04T05:22:48.670,2346,904,1
45,12497,2015-01-04T05:22:48.670,2346,1002,1
46,12498,2015-01-04T05:22:48.670,2346,3718,1
47,13702,2015-01-08T18:12:36.247,4836,4831,1
48,13789,2015-01-10T09:28:17.187,1216,739,1
49,14031,2015-01-20T15:28:54.607,4884,4914,1
50,14072,2015-01-22T11:42:20.250,4921,842,1
51,14152,2015-01-26T08:00:14.630,4942,917,1
52,14153,2015-01-26T08:00:14.630,4942,974,1
53,14154,2015-01-26T14:45:43.053,4944,1107,1
54,14199,2015-01-27T16:06:35.780,4913,4919,1
55,14230,2015-01-28T19:48:17.040,4913,4919,3
56,14241,2015-01-29T00:57:39.603,4974,812,1
57,14361,2015-01-31T14:27:15.657,5001,155,1
58,14403,2015-02-03T08:09:44.953,5021,265,1
59,14404,2015-02-03T08:09:44.953,5021,1119,1
60,15550,2015-02-16T15:20:35.737,5155,4831,1
61,16891,2015-02-20T12:29:15.497,5191,5176,1
62,17350,2015-02-25T22:41:45.663,5192,739,1
63,17351,2015-02-25T22:41:45.663,5192,758,1
64,17352,2015-02-25T22:41:45.663,5192,842,1
65,17779,2015-03-03T23:27:18.197,2313,5108,1
66,17965,2015-03-06T04:29:42.800,2391,5193,1
67,18348,2015-03-14T09:45:40.763,5317,5193,1
68,18493,2015-03-17T14:48:29.080,5336,3718,1
69,18619,2015-03-21T20:09:53.157,5357,758,1
70,18632,2015-03-22T18:53:39.820,5371,59,1
71,19053,2015-04-02T23:38:56.127,5436,917,1
72,19229,2015-04-06T17:36:22.860,5464,19,1
73,19780,2015-04-12T05:23:13.703,5502,41,1
74,19781,2015-04-12T05:23:13.703,5502,3730,1
75,19782,2015-04-12T05:23:13.703,5502,4925,1
76,20357,2015-04-17T23:29:30.693,5549,5193,1
77,20715,2015-04-21T22:56:21.440,5566,842,1
78,20716,2015-04-21T22:56:21.440,5566,5080,1
79,20717,2015-04-21T22:56:21.440,5566,5442,1
80,21633,2015-05-03T04:22:43.507,5639,5316,1
81,22178,2015-05-09T05:44:50.633,5730,641,1
82,22261,2015-05-10T02:02:13.227,5735,3718,1
83,22268,2015-05-10T06:35:58.720,5730,4980,1
84,22269,2015-05-10T06:43:37.420,5701,758,1
85,22427,2015-05-12T12:42:28.347,5110,812,1
86,22428,2015-05-12T12:42:28.347,5110,2670,1
87,22520,2015-05-13T16:20:31.883,5775,2384,1
88,22655,2015-05-16T02:36:52.970,5803,4942,1
89,22791,2015-05-19T09:29:02.810,5826,334,1
90,22792,2015-05-19T09:29:02.810,5826,313,1
91,22793,2015-05-19T09:29:02.810,5826,14,1
92,22794,2015-05-19T09:29:02.810,5826,159,1
93,22795,2015-05-19T09:29:02.810,5826,234,1
94,22796,2015-05-19T09:29:02.810,5826,808,1
95,22797,2015-05-19T09:29:02.810,5826,739,1
96,22798,2015-05-19T09:29:02.810,5826,1216,1
97,23047,2015-05-24T00:51:22.027,5881,5860,1
98,23428,2015-05-28T22:10:02.293,5838,5941,1
99,23749,2015-06-04T02:13:34.443,5990,4967,1
100,24053,2015-06-07T16:48:05.347,6035,5417,1
101,24070,2015-06-07T18:44:06.470,6035,5417,3
102,24589,2015-06-10T18:47:11.447,6068,3751,1
103,26167,2015-06-23T19:26:12.690,6192,5838,1
104,26907,2015-06-30T06:44:20.367,6274,22,1
105,27381,2015-07-03T21:40:24.750,6068,2651,1
106,28389,2015-07-14T08:44:52.227,6088,6200,1
107,28436,2015-07-14T19:30:48.270,2651,6068,3
108,29082,2015-07-22T14:26:58.660,6547,5193,1
109,29197,2015-07-24T13:15:31.040,2293,6547,1
110,29644,2015-07-30T14:07:59.307,6591,6631,1
111,30097,2015-08-04T17:44:35.277,6683,6648,1
112,31759,2015-08-09T17:03:37.433,6730,739,3
113,33294,2015-08-21T14:37:46.083,6866,2673,1
114,33295,2015-08-21T14:37:46.083,6866,595,1
115,34143,2015-08-29T16:43:34.693,6937,6576,1
116,34699,2015-09-03T07:22:39.270,6550,869,1
117,34716,2015-09-03T11:41:03.390,6550,412,1
118,34771,2015-09-04T05:25:16.297,8002,6937,1
119,34978,2015-09-06T10:49:47.890,6827,2368,1
120,35549,2015-09-12T14:14:30.250,8079,8078,1
121,35556,2015-09-12T16:10:24.873,8079,8078,3
122,35777,2015-09-16T04:33:25.310,8087,5268,1
123,36217,2015-09-22T01:35:33.447,8150,8018,1
124,36229,2015-09-22T07:42:59.590,8131,758,1
125,36230,2015-09-22T07:42:59.590,8131,1002,1
126,36231,2015-09-22T07:42:59.590,8131,540,1
127,36872,2015-09-28T21:15:42.943,6939,1107,1
128,37354,2015-10-03T14:27:49.387,8277,8099,1
129,37395,2015-10-03T20:17:46.670,8277,2368,1
130,38613,2015-10-12T04:54:03.893,8384,19,1
131,39323,2015-10-16T22:29:51.053,8457,8266,1
132,39984,2015-10-21T15:48:01.713,8546,8440,1
133,40394,2015-10-25T00:10:49.983,8586,1002,1
134,41076,2015-10-29T19:21:27.530,8646,810,1
135,41077,2015-10-29T19:21:27.530,8646,1107,1
136,41078,2015-10-29T19:21:27.530,8646,454,1
137,41079,2015-10-29T19:21:27.530,8646,736,1
138,41080,2015-10-29T19:21:27.530,8646,6939,1
139,41538,2015-11-02T10:29:59.463,8688,8070,1
140,41579,2015-11-02T17:57:47.827,8665,8199,1
141,41857,2015-11-04T22:05:45.803,8722,8339,1
142,42343,2015-11-10T08:06:57.003,8775,8245,1
143,42651,2015-11-12T18:00:35.987,8820,8646,1
144,43154,2015-11-18T09:36:58.373,8883,8322,1
145,43333,2015-11-19T07:05:58.493,8895,810,1
146,43987,2015-11-23T21:31:55.493,8993,8873,1
147,45076,2015-12-01T09:26:11.457,9140,6715,1
148,45323,2015-12-03T06:03:56.253,9179,694,1
149,45661,2015-12-05T13:13:00.253,9223,778,1
150,45662,2015-12-05T13:13:00.253,9223,41,1
151,46233,2015-12-08T10:59:33.703,9262,8426,1
152,46941,2015-12-11T22:08:30.623,9344,9342,1
153,47164,2015-12-13T17:11:55.057,9359,8963,1
154,47373,2015-12-15T01:36:15.547,8681,22,1
155,47863,2015-12-17T19:29:49.010,9418,5224,1
156,47881,2015-12-17T22:29:50.580,9418,5224,3
157,47931,2015-12-18T06:46:24.290,9427,9255,1
158,47960,2015-12-18T13:51:21.147,9427,9255,3
159,48056,2015-12-19T05:55:50.047,9435,8963,1
160,48454,2015-12-21T17:13:49.767,9457,694,1
161,48597,2015-12-22T11:10:15.647,9481,8606,1
162,48808,2015-12-23T20:02:30.320,6576,9435,1
163,49432,2015-12-28T19:16:05.840,9545,265,1
164,49433,2015-12-28T19:16:05.840,9545,6201,1
165,49799,2015-12-31T20:54:53.660,793,9568,1
166,49897,2016-01-01T21:05:40.803,9580,155,1
167,49956,2016-01-02T09:33:39.950,9580,422,1
168,49957,2016-01-02T09:33:39.950,9580,587,1
169,49958,2016-01-02T09:33:39.950,9580,997,1
170,50146,2016-01-03T18:21:18.533,9593,6201,1
171,50256,2016-01-04T11:24:53.793,9604,8847,1
172,50280,2016-01-04T15:17:44.630,9612,9598,1
173,50291,2016-01-04T15:18:10.057,9598,9612,1
174,50374,2016-01-04T22:07:28.273,9621,9038,1
175,50443,2016-01-05T08:50:56.897,9614,8606,1
176,50630,2016-01-06T13:04:21.167,9626,4980,1
177,50858,2016-01-07T14:38:02.570,9677,8941,1
178,50859,2016-01-07T14:38:02.570,9677,9000,1
179,50860,2016-01-07T14:38:02.570,9677,8963,1
180,50861,2016-01-07T14:38:02.570,9677,9435,1
181,52416,2016-01-19T14:00:09.217,9852,9818,1
182,53088,2016-01-24T04:42:16.733,9924,8099,1
183,53172,2016-01-24T19:36:38.207,9916,8064,1
184,54266,2016-02-01T12:49:36.510,10030,9950,1
185,54514,2016-02-03T07:34:40.943,10070,10030,1
186,54584,2016-02-03T20:36:41.050,10081,9886,1
187,54719,2016-02-04T20:30:31.740,10088,9483,1
188,54889,2016-02-05T08:05:42.273,10091,8847,1
189,55568,2016-02-08T12:08:33.317,10084,10090,1
190,55756,2016-02-09T11:22:31.957,10154,5802,1
191,56769,2016-02-15T12:19:11.687,10254,155,1
192,58074,2016-02-22T17:07:27.610,10255,10349,1
193,58468,2016-02-25T13:25:42.463,10386,808,1
194,60022,2016-03-05T15:49:57.890,10531,5893,1
195,60333,2016-03-06T21:31:26.963,10560,10550,3
196,60378,2016-03-07T06:29:05.133,10557,10085,1
197,60630,2016-03-08T23:25:25.480,10606,10509,1
198,60772,2016-03-09T21:04:11.127,10606,10509,3
199,61923,2016-03-17T05:49:24.920,10750,8583,1
200,61924,2016-03-17T05:49:24.920,10750,9038,1
201,61925,2016-03-17T05:49:24.920,10750,4942,1
202,64591,2016-04-03T11:04:19.337,10943,10997,1
203,65522,2016-04-07T07:08:18.127,10558,11043,1
204,66476,2016-04-12T12:38:16.040,11166,9303,1
205,68399,2016-04-20T23:24:38.503,11331,10531,1
206,68738,2016-04-22T16:01:24.497,11371,2609,1
207,68966,2016-04-24T06:28:12.893,11387,806,1
208,69652,2016-04-27T07:11:11.047,11367,1119,1
209,72588,2016-05-12T21:26:04.493,11591,5706,1
210,73298,2016-05-16T20:46:18.833,11774,10531,1
211,73369,2016-05-17T06:11:09.663,11797,8253,1
212,73410,2016-05-17T10:50:58.913,11788,810,1
213,74064,2016-05-21T15:19:23.927,11851,11853,1
214,74434,2016-05-23T21:51:04.010,11890,10471,1
215,74474,2016-05-24T08:04:07.577,11896,9507,1
216,75464,2016-05-30T17:06:15.627,11880,11919,1
217,75822,2016-06-02T12:04:20.700,12032,11915,1
218,78591,2016-06-10T11:58:18.377,12147,1107,1
219,78592,2016-06-10T11:58:18.377,12147,4944,1
220,78724,2016-06-11T07:56:04.043,12119,4944,1
221,78730,2016-06-11T09:56:32.737,12119,4944,3
222,79637,2016-06-15T19:16:16.057,12188,985,1
223,79834,2016-06-16T13:28:32.637,12223,12003,1
224,79868,2016-06-16T17:58:05.033,12234,6817,1
225,80108,2016-06-17T21:49:30.690,12257,10143,1
226,80109,2016-06-17T21:49:30.690,12257,266,1
227,80110,2016-06-17T21:49:30.690,12257,326,1
228,80111,2016-06-17T21:49:30.690,12257,398,1
229,80180,2016-06-18T04:54:40.067,12259,12250,1
230,80418,2016-06-19T11:33:12.897,12269,12279,1
231,81084,2016-06-22T13:36:45.127,12147,12347,1
232,82226,2016-06-28T13:58:36.217,12437,10885,1
233,82366,2016-06-29T08:57:11.187,12478,11367,1
234,82480,2016-06-29T20:40:22.020,12496,12437,1
235,82604,2016-06-30T12:14:55.937,12514,12265,1
236,83197,2016-07-03T09:56:19.353,12564,12557,1
237,83199,2016-07-03T11:12:42.847,12564,10085,1
238,83649,2016-07-05T08:53:33.123,3759,12564,1
239,83781,2016-07-05T20:48:00.003,12593,8667,1
240,83897,2016-07-06T08:20:09.857,12626,12584,1
241,83898,2016-07-06T08:23:47.153,12626,12622,1
242,83967,2016-07-06T13:08:28.247,12634,12620,1
243,83968,2016-07-06T13:08:41.933,12634,12620,3
244,84428,2016-07-08T20:52:05.060,12678,8775,1
245,84962,2016-07-11T16:57:14.627,10394,12619,1
246,84970,2016-07-11T17:00:50.290,6884,12619,1
247,85089,2016-07-12T10:21:03.987,12695,12626,1
248,85122,2016-07-12T13:30:01.993,12720,12265,1
249,85647,2016-07-15T06:37:10.220,12785,11091,1
250,86009,2016-07-17T04:51:15.673,12821,155,1
251,86535,2016-07-20T06:00:56.793,12875,9663,1
252,86540,2016-07-20T08:02:54.053,12875,9663,3
253,86926,2016-07-21T20:13:32.987,12919,694,1
254,87161,2016-07-23T05:37:31.610,12930,6715,1
255,87162,2016-07-23T05:37:31.610,12930,8799,1
256,87397,2016-07-24T13:30:41.937,12960,12695,1
257,87718,2016-07-26T08:54:41.550,12998,739,1
258,87844,2016-07-26T21:48:22.307,13010,41,1
259,88103,2016-07-28T02:45:02.137,5838,12930,1
260,88158,2016-07-28T12:23:12.990,13051,11166,1
261,88285,2016-07-29T02:11:13.847,13031,11014,1
262,88286,2016-07-29T02:11:13.847,13031,5268,1
263,90818,2016-08-04T18:27:13.593,12984,8286,1
264,91184,2016-08-06T03:06:58.170,13250,13227,1
265,91590,2016-08-07T23:02:21.230,13238,6169,1
266,91599,2016-08-08T03:04:57.623,13273,22,1
267,91915,2016-08-08T21:15:20.590,13273,12475,1
268,92035,2016-08-09T10:05:47.307,13273,12475,3
269,92630,2016-08-11T17:55:13.487,13359,6113,1
270,92649,2016-08-11T20:25:16.350,13377,6084,1
271,92730,2016-08-12T06:57:16.147,13385,12695,1
272,93600,2016-08-16T14:24:28.903,13459,12655,1
273,93994,2016-08-18T06:48:00.050,13504,13513,1
274,94193,2016-08-18T23:58:25.307,13477,12851,1
275,94256,2016-08-19T08:59:59.493,13477,12851,3
276,94439,2016-08-19T17:13:29.703,13553,893,1
277,94770,2016-08-21T09:44:54.333,13587,11699,1
278,94859,2016-08-21T20:59:43.710,13574,13484,1
279,94860,2016-08-21T21:00:26.417,13484,13574,1
280,94922,2016-08-22T09:38:58.380,13574,13484,3
281,95253,2016-08-23T17:55:42.147,12188,13273,1
282,95966,2016-08-26T11:27:54.140,13691,13681,1
283,98328,2016-09-06T08:07:13.957,13854,5710,1
284,98591,2016-09-07T07:08:34.140,13854,5710,3
285,99429,2016-09-12T14:28:13.877,12771,10885,1
286,99722,2016-09-13T18:04:25.100,13978,9435,1
287,100259,2016-09-16T03:37:10.137,14031,14028,1
288,100340,2016-09-16T14:01:09.883,14039,13335,1
289,101389,2016-09-21T11:50:53.640,14127,6547,1
290,102267,2016-09-26T10:10:34.397,14223,14220,1
291,103382,2016-10-02T10:55:12.107,14313,10919,1
292,104238,2016-10-05T16:21:26.927,14355,22,1
293,104395,2016-10-06T11:48:16.920,14396,5860,1
294,104396,2016-10-06T11:48:16.920,14396,313,1
295,105427,2016-10-11T23:20:41.477,14458,14406,1
296,105850,2016-10-13T11:47:24.220,14415,13920,1
297,106026,2016-10-14T08:07:35.703,14465,12761,1
298,106122,2016-10-14T16:19:41.233,14528,6547,1
299,106786,2016-10-17T13:41:34.120,14586,1253,1
300,108062,2016-10-22T23:53:07.833,14711,1240,1
301,109887,2016-10-31T07:44:37.817,14832,6576,1
302,109908,2016-10-31T09:03:23.060,14832,6576,3
303,110522,2016-11-03T03:54:03.780,14899,12851,1
304,111116,2016-11-06T03:03:17.017,14941,14368,1
305,111298,2016-11-06T19:26:15.520,14959,14941,3
306,111601,2016-11-08T07:59:56.593,8032,14527,1
307,112597,2016-11-12T22:03:01.133,15081,5706,1
308,113724,2016-11-17T16:56:42.063,12886,15181,1
309,113875,2016-11-18T07:39:55.483,13124,6378,1
310,114276,2016-11-19T20:39:58.677,15231,14664,1
311,114779,2016-11-22T14:56:47.107,15264,12321,1
312,114780,2016-11-22T21:29:47.450,9222,6107,1
313,115988,2016-11-27T15:41:09.167,15371,15283,1
314,116184,2016-11-28T16:12:14.203,15397,1159,1
315,117662,2016-12-04T13:38:02.940,15499,13279,1
316,118730,2016-12-07T22:06:33.180,15579,6042,1
317,119337,2016-12-10T02:57:39.040,15595,15657,1
318,119838,2016-12-12T10:38:34.430,15694,15524,1
319,120785,2016-12-15T18:28:52.137,15757,15755,1
320,120815,2016-12-15T20:20:17.753,15757,15755,3
321,122183,2016-12-21T23:50:51.620,15862,5121,1
322,123765,2016-12-29T08:29:23.527,15983,4875,1
323,124044,2016-12-30T17:29:52.647,16008,6683,1
324,124847,2017-01-03T23:18:05.600,16055,15812,1
325,125149,2017-01-04T23:49:43.857,12500,16088,1
326,126218,2017-01-09T11:38:19.377,16182,13949,1
327,127222,2017-01-13T13:17:48.543,16292,10692,1
328,127751,2017-01-16T03:42:04.457,16337,22,1
329,128413,2017-01-18T16:26:12.683,16388,16387,1
330,128477,2017-01-18T23:50:54.937,16394,6107,1
331,128799,2017-01-20T09:31:59.993,16414,13599,1
332,129273,2017-01-22T21:26:12.497,16163,9364,1
333,129992,2017-01-25T16:15:48.073,16509,14666,1
334,131148,2017-01-30T16:38:18.777,16623,8120,1
335,131227,2017-01-30T20:01:45.490,16632,12964,1
336,131842,2017-02-01T23:50:14.287,16689,16692,1
337,133190,2017-02-07T07:28:07.333,16771,14998,1
338,133286,2017-02-07T13:07:07.863,16771,14998,3
339,133481,2017-02-08T07:03:46.237,16807,16609,1
340,134627,2017-02-13T01:57:18.537,16918,9302,1
341,134841,2017-02-13T15:32:35.137,16930,11446,1
342,134842,2017-02-13T15:32:35.137,16930,1174,1
343,135845,2017-02-16T15:18:13.843,16995,17017,1
344,136024,2017-02-17T11:57:41.650,17021,16929,1
345,137497,2017-02-23T15:39:57.913,17143,16930,1
346,138015,2017-02-26T05:30:22.173,17181,17165,1
347,138134,2017-02-26T13:43:56.960,17183,16062,1
348,138358,2017-02-27T07:04:05.363,17207,361,1
349,138499,2017-02-27T14:31:24.897,17227,16959,1
350,138611,2017-02-28T01:58:50.337,17233,17095,1
351,138863,2017-02-28T22:53:14.633,17233,17095,3
352,139285,2017-03-02T13:28:26.817,17301,17298,1
353,139286,2017-03-02T13:29:01.997,17298,17301,1
354,139288,2017-03-02T13:37:28.290,17167,17080,1
355,139396,2017-03-02T19:05:10.263,17167,17080,3
356,139769,2017-03-04T14:29:30.107,16036,5121,1
357,139775,2017-03-04T14:41:16.610,15485,16036,1
358,139901,2017-03-05T06:56:13.440,17244,16062,1
359,140066,2017-03-05T19:36:06.057,17371,17241,1
360,140108,2017-03-05T22:50:13.463,17364,17288,1
361,140144,2017-03-06T01:47:15.910,17378,17288,1
362,140155,2017-03-06T01:48:55.137,17364,17378,1
363,141357,2017-03-10T05:31:06.310,17487,14503,1
364,141376,2017-03-10T07:42:56.783,17487,14664,1
365,141412,2017-03-10T11:05:39.440,17473,17460,1
366,141474,2017-03-10T18:57:57.090,17487,14664,3
367,141582,2017-03-11T05:04:34.307,17473,17460,3
368,142736,2017-03-15T14:51:06.853,17612,12738,1
369,143172,2017-03-16T20:39:09.517,17659,155,1
370,143306,2017-03-17T14:06:04.600,17671,11853,1
371,144368,2017-03-21T14:29:05.293,17737,6107,1
372,144391,2017-03-21T17:19:41.003,17695,16930,1
373,145379,2017-03-24T20:19:21.747,17854,41,1
374,145397,2017-03-24T20:44:07.477,17855,10839,1
375,146000,2017-03-27T04:09:49.440,17859,17755,1
376,147357,2017-03-31T10:21:35.837,17999,8043,1
377,147633,2017-04-01T00:36:49.097,16350,10615,1
378,148686,2017-04-04T19:35:01.440,18119,8029,1
379,152158,2017-04-12T13:10:05.860,18269,13422,1
380,152825,2017-04-14T11:07:18.177,18350,11204,1
381,153346,2017-04-15T22:51:15.723,18381,6921,1
382,154647,2017-04-19T17:34:08.587,18462,22,1
383,156547,2017-04-25T18:48:57.503,18594,10615,1
384,156684,2017-04-26T06:53:32.253,18602,18595,1
385,156719,2017-04-26T09:05:36.453,18607,18156,1
386,156864,2017-04-26T16:20:15.033,18602,18595,3
387,157455,2017-04-28T09:32:49.123,18660,10585,1
388,157745,2017-04-29T04:07:51.150,17941,18670,1
389,157838,2017-04-29T12:33:47.360,18674,10615,1
390,157839,2017-04-29T12:33:47.360,18674,10589,1
391,158560,2017-05-01T23:46:17.973,18711,5316,1
392,159231,2017-05-04T15:28:03.020,18743,12237,1
393,159344,2017-05-04T19:58:51.687,18743,12237,3
394,159449,2017-05-05T05:05:36.497,18759,16689,1
395,160165,2017-05-07T10:53:26.297,18810,5706,1
396,160663,2017-05-08T23:09:50.187,18829,16115,1
397,160713,2017-05-09T03:46:56.973,18842,18374,1
398,161208,2017-05-10T15:55:34.203,10211,6691,1
399,161466,2017-05-11T11:41:06.187,761,10063,1
400,162476,2017-05-14T15:57:34.433,18963,18934,1
401,162569,2017-05-15T05:42:18.887,18965,9663,1
402,162580,2017-05-15T05:51:51.740,18967,18965,1
403,162636,2017-05-15T10:34:02.930,18970,14972,1
404,162647,2017-05-15T10:47:40.880,18970,758,1
405,162815,2017-05-15T19:30:03.940,18982,9074,1
406,163003,2017-05-16T08:49:22.933,18965,9663,3
407,163084,2017-05-16T12:16:45.617,19002,10970,1
408,163179,2017-05-16T17:16:50.230,19010,18940,1
409,163312,2017-05-17T04:33:17.987,19019,18986,1
410,163377,2017-05-17T09:04:11.807,19020,17241,1
411,163658,2017-05-17T21:33:39.217,19037,19040,1
412,163764,2017-05-18T09:25:05.727,19037,19040,3
413,164022,2017-05-19T05:34:16.257,19073,13754,1
414,164397,2017-05-20T04:29:50.023,19096,12649,1
415,164398,2017-05-20T04:29:50.023,19096,16292,1
416,165184,2017-05-23T00:04:38.397,19127,10216,1
417,165262,2017-05-23T06:32:45.837,19131,19070,1
418,165892,2017-05-24T09:03:06.873,19174,10471,1
419,166705,2017-05-26T14:58:14.110,19107,10216,1
420,167056,2017-05-27T19:16:24.263,19268,10085,1
421,168054,2017-05-30T15:20:58.570,19283,13490,1
422,168910,2017-06-01T19:09:20.217,19400,1253,1
423,169270,2017-06-02T17:52:18.740,19430,9722,1
424,169271,2017-06-02T17:52:18.740,19430,6553,1
425,169311,2017-06-02T18:20:34.443,19430,10216,1
426,171452,2017-06-09T04:38:04.297,19521,19452,1
427,171502,2017-06-09T06:59:57.197,19578,5706,1
428,171956,2017-06-10T10:49:25.630,19597,6107,1
429,172519,2017-06-11T18:34:29.853,19631,19625,1
430,174987,2017-06-17T18:54:16.317,19792,19601,1
431,175122,2017-06-18T08:05:22.720,19792,19601,3
432,176114,2017-06-20T22:32:53.760,19865,10193,1
433,176516,2017-06-21T20:16:45.803,19894,11091,1
434,176659,2017-06-22T06:42:35.950,19903,10216,1
435,176869,2017-06-22T20:04:18.330,19922,14415,1
436,177326,2017-06-24T09:12:36.427,19836,15484,3
437,177817,2017-06-26T05:08:39.530,19961,115,1
438,178839,2017-06-28T10:38:49.420,18528,9950,1
439,178845,2017-06-28T11:01:06.213,20024,16858,1
440,178870,2017-06-28T11:31:31.937,20026,869,1
441,179164,2017-06-29T02:56:16.950,20054,19614,1
442,179367,2017-06-29T17:36:23.187,20064,2368,1
443,179452,2017-06-30T02:17:54.903,20036,20071,1
444,180477,2017-07-03T03:56:07.690,19382,20025,1
445,180593,2017-07-03T11:37:52.103,20129,20113,1
446,180980,2017-07-04T06:32:19.043,20136,9302,1
447,181348,2017-07-05T05:43:20.287,20179,12532,1
448,181384,2017-07-05T07:11:08.310,20178,16060,1
449,181668,2017-07-06T01:34:26.217,19991,20198,1
450,181812,2017-07-06T10:48:19.250,20198,19991,1
451,181824,2017-07-06T11:22:29.990,20208,5443,1
452,183744,2017-07-09T03:49:24.777,20198,20255,1
453,183934,2017-07-09T13:28:57.820,20274,14124,1
454,185524,2017-07-13T04:58:24.937,17921,15016,1
455,185534,2017-07-13T05:53:10.327,20388,20369,1
456,185786,2017-07-13T15:52:02.047,20404,16060,1
457,185856,2017-07-13T18:07:27.560,20408,11699,1
458,186960,2017-07-17T00:43:06.703,20413,19196,1
459,187353,2017-07-18T02:33:48.897,20507,19112,1
460,187624,2017-07-18T15:45:06.017,20525,9020,1
461,188228,2017-07-20T00:39:50.633,8129,20533,1
462,188278,2017-07-20T06:30:52.183,20555,20406,1
463,188302,2017-07-20T08:32:36.887,9222,20541,1
464,190334,2017-07-22T12:04:04.627,21618,8768,1
465,190999,2017-07-23T17:35:35.327,21643,17099,1
466,191707,2017-07-25T10:58:28.337,21676,12115,1
467,191802,2017-07-25T14:22:30.043,21682,16444,1
468,193011,2017-07-28T08:40:48.483,21776,5746,1
469,193041,2017-07-28T10:21:01.130,21780,16692,1
470,193147,2017-07-28T17:08:11.770,21780,937,1
471,195710,2017-08-02T22:39:05.523,21918,8460,1
472,195910,2017-08-03T11:11:22.300,21918,8460,3
473,196139,2017-08-04T01:26:14.313,21945,21947,1
474,196754,2017-08-05T09:22:25.320,21947,21945,3
475,196950,2017-08-05T19:31:15.920,21986,16601,1
476,197158,2017-08-06T09:06:56.923,21986,16601,3
477,197346,2017-08-06T18:18:57.963,21950,21947,1
478,199551,2017-08-11T08:27:57.187,22170,13490,1
479,201188,2017-08-14T13:16:03.390,22153,14568,1
480,201995,2017-08-16T08:07:44.947,22299,17314,1
481,201996,2017-08-16T08:07:44.947,22299,10802,1
482,201997,2017-08-16T08:07:44.947,22299,19025,1
483,202562,2017-08-17T13:23:01.120,22340,17024,1
484,202574,2017-08-17T13:25:07.370,17024,22340,1
485,202599,2017-08-17T14:26:54.067,22340,12721,1
486,202671,2017-08-17T16:13:01.100,22343,842,1
487,202736,2017-08-17T18:37:30.417,22342,22335,1
488,202840,2017-08-18T03:12:56.377,22365,22324,1
489,202887,2017-08-18T07:17:13.683,22355,6715,1
490,203138,2017-08-18T18:32:14.863,22377,22378,3
491,203341,2017-08-19T07:09:24.887,22403,662,1
492,203342,2017-08-19T07:09:24.887,22403,19762,1
493,203839,2017-08-20T13:15:47.653,22404,22330,1
494,203914,2017-08-20T17:10:54.690,19760,22199,1
495,204058,2017-08-20T23:40:03.727,22330,22404,1
496,204230,2017-08-21T12:03:45.420,22441,22299,1
497,204236,2017-08-21T12:22:31.287,22446,10943,1
498,204606,2017-08-22T08:47:08.277,22467,13490,1
499,204739,2017-08-22T13:09:19.953,22478,16342,1
500,204960,2017-08-22T20:04:11.600,22479,2464,1
501,205210,2017-08-23T14:24:16.600,20222,22199,1
502,205275,2017-08-23T17:53:36.037,22522,18583,1
503,205310,2017-08-23T20:43:34.300,22528,20098,1
504,205405,2017-08-24T05:53:34.230,22536,424,1
505,206791,2017-08-27T07:05:04.067,22545,22335,1
506,208350,2017-08-31T05:59:20.240,22725,22324,1
507,208678,2017-09-01T08:00:36.600,22740,12797,1
508,208723,2017-09-01T09:24:51.690,22740,12797,3
509,209127,2017-09-02T07:25:15.477,22730,22725,1
510,210067,2017-09-05T06:22:22.127,22725,22828,1
511,210107,2017-09-05T08:16:49.913,22828,20198,1
512,210608,2017-09-10T14:55:12.073,22929,9443,1
513,210619,2017-09-10T21:14:54.440,22929,9443,3
514,210929,2017-09-13T07:56:55.153,22968,20499,1
515,211237,2017-09-14T09:10:46.987,22962,19980,1
516,211250,2017-09-14T13:59:56.407,23028,22909,1
517,211645,2017-09-17T19:12:27.647,9909,20165,1
518,211945,2017-09-19T13:52:19.653,23140,10972,1
519,212123,2017-09-20T10:55:50.403,23165,13200,1
520,212190,2017-09-20T16:54:36.587,22465,22536,1
521,212315,2017-09-21T08:36:48.187,23198,10085,3
522,219362,2017-09-25T18:14:23.933,23286,9663,1
523,220613,2017-09-27T17:52:13.143,23357,23349,1
524,221013,2017-09-28T13:12:21.403,23389,23212,1
525,222199,2017-09-30T15:58:19.303,23391,23392,1
526,222528,2017-10-01T11:38:44.543,23391,23392,3
527,224183,2017-10-03T14:17:09.163,23493,15484,1
528,224464,2017-10-03T18:37:20.097,23493,5706,1
529,225259,2017-10-04T13:52:42.860,23462,23486,1
530,225465,2017-10-04T17:09:50.453,23486,18279,1
531,228816,2017-10-08T07:44:34.843,23605,15149,1
532,232934,2017-10-11T19:07:09.610,12883,22,1
533,234220,2017-10-13T00:28:14.627,23736,17096,1
534,238102,2017-10-16T20:10:56.630,23853,23737,1
535,239193,2017-10-17T23:36:20.410,23696,17282,1
536,240790,2017-10-19T18:57:01.840,23914,20028,1
537,241012,2017-10-19T23:38:40.733,23922,11118,1
538,241682,2017-10-20T16:29:57.587,23933,5990,1
539,242277,2017-10-21T09:15:29.343,23954,23955,1
540,242904,2017-10-21T21:59:13.957,23963,22690,1
541,243115,2017-10-22T07:36:15.920,23969,16488,1
542,243116,2017-10-22T07:36:15.920,23969,16713,1
543,243153,2017-10-22T08:18:24.423,23933,5990,3
544,243154,2017-10-22T08:19:12.423,23963,22690,3
545,245092,2017-10-24T10:16:59.677,24029,24017,1
546,245398,2017-10-24T14:15:30.990,24041,17759,1
547,250618,2017-10-29T17:32:44.413,24179,1213,1
548,251495,2017-10-30T19:01:26.287,24202,19807,1
549,252618,2017-10-31T22:28:03.433,24232,22,1
550,253387,2017-11-01T15:35:05.357,24256,17737,1
551,254054,2017-11-02T08:34:48.017,24290,19523,1
552,254355,2017-11-02T16:16:37.943,24290,19523,3
553,254442,2017-11-02T18:08:53.177,24109,23789,1
554,255510,2017-11-03T21:17:27.480,24327,6107,1
555,256314,2017-11-06T06:48:29.507,24392,810,1
556,256375,2017-11-06T12:16:39.393,24403,12721,1
557,256703,2017-11-07T16:12:40.960,24400,806,1
558,256727,2017-11-07T17:12:14.060,24458,16835,1
559,256769,2017-11-07T18:35:54.483,22901,10471,1
560,256834,2017-11-08T01:26:57.220,22047,15524,1
561,257071,2017-11-09T02:55:49.833,24506,12318,1
562,257239,2017-11-09T13:23:05.367,17927,22,1
563,257306,2017-11-09T17:56:45.890,24534,18802,1
564,257668,2017-11-10T16:29:30.990,22901,10471,3
565,257669,2017-11-10T16:34:07.897,17927,22,3
566,257727,2017-11-10T22:44:32.927,24578,24560,1
567,257796,2017-11-11T10:18:25.693,24595,18258,1
568,258423,2017-11-13T10:10:58.040,24610,11404,1
569,259012,2017-11-14T17:28:09.943,24578,24560,3
570,259457,2017-11-16T09:38:15.627,10179,24808,1
571,259581,2017-11-16T19:36:35.227,24405,937,1
572,260071,2017-11-18T12:06:34.513,24405,937,3
573,260276,2017-11-19T03:48:51.557,24905,11404,1
574,273504,2017-11-21T18:58:16.350,24986,21963,1
575,273762,2017-11-22T03:19:49.220,25000,1159,1
576,275249,2017-11-23T16:39:28.800,25058,989,1
577,278638,2017-11-26T19:32:57.543,25119,16797,1
578,280335,2017-11-28T11:32:19.537,25169,20296,1
579,282731,2017-11-30T12:48:56.513,25250,15472,1
580,283665,2017-12-01T06:55:05.767,25209,25259,1
581,283754,2017-12-01T08:50:56.053,25276,21896,1
582,285402,2017-12-04T16:27:30.173,25377,5121,1
583,285518,2017-12-04T21:11:48.000,25386,17794,1
584,286245,2017-12-06T13:18:53.610,25444,9233,1
585,286395,2017-12-06T21:22:31.957,25449,12721,1
586,287779,2017-12-09T19:01:38.170,25523,24449,1
587,288057,2017-12-10T12:56:15.483,25525,25531,1
588,288580,2017-12-11T14:20:14.223,25564,25549,1
589,288786,2017-12-11T22:01:10.897,25359,24137,1
590,289402,2017-12-13T07:07:56.637,25618,13695,1
591,289482,2017-12-13T09:05:08.927,25619,14503,1
592,289849,2017-12-14T00:12:19.133,25648,8703,1
593,289885,2017-12-14T00:58:07.483,25564,25549,3
594,290011,2017-12-14T09:54:27.430,25660,8043,1
595,290012,2017-12-14T09:54:27.430,25660,3733,1
596,290305,2017-12-14T18:16:35.380,25675,25605,1
597,290640,2017-12-15T14:28:13.093,25707,10077,1
598,290826,2017-12-15T22:55:41.380,25714,17860,1
599,291082,2017-12-16T16:41:19.660,25696,24194,3
600,291841,2017-12-18T14:59:20.990,25776,11304,1
601,292788,2017-12-20T15:08:07.333,25841,25315,1
602,292790,2017-12-20T15:23:24.530,25832,13061,1
603,292791,2017-12-20T15:23:24.530,25832,23493,1
604,292795,2017-12-20T15:24:00.623,25832,23287,1
605,293368,2017-12-21T22:26:24.297,25890,25874,1
606,293506,2017-12-22T07:50:27.490,25890,25024,1
607,293945,2017-12-23T08:00:49.220,25902,9302,1
608,294026,2017-12-23T12:40:52.847,25929,6107,1
609,294277,2017-12-23T23:51:32.320,25948,16342,1
610,294369,2017-12-24T07:29:46.460,25956,24511,1
611,295012,2017-12-25T15:36:50.773,9777,9443,1
612,295031,2017-12-25T15:54:05.707,25988,13607,1
613,295052,2017-12-25T16:40:01.457,25990,18802,1
614,295053,2017-12-25T16:40:01.457,25990,24534,1
615,295418,2017-12-26T11:20:24.137,26001,23895,1
616,295854,2017-12-27T09:34:07.903,26042,25925,1
617,296427,2017-12-28T11:15:27.280,26076,25717,1
618,297038,2017-12-29T16:27:14.727,25348,23890,1
619,297515,2017-12-30T21:49:11.210,26140,19849,1
620,299310,2018-01-04T14:53:56.753,26288,10188,1
621,299451,2018-01-05T05:45:52.563,26288,10188,3
622,299466,2018-01-05T06:22:06.310,10320,26310,1
623,299538,2018-01-05T14:41:44.903,26325,21961,1
624,300362,2018-01-08T15:35:31.793,26388,12318,1
625,300393,2018-01-08T19:29:45.590,26411,24452,1
626,300394,2018-01-08T19:29:45.590,26411,25268,1
627,300613,2018-01-09T14:33:22.117,23901,23613,1
628,300857,2018-01-10T12:42:28.173,26351,2582,1
629,300871,2018-01-10T13:32:27.317,26475,5706,1
630,300872,2018-01-10T13:32:27.317,26475,23493,1
631,301140,2018-01-11T09:41:08.443,26499,8244,1
632,301151,2018-01-11T10:24:20.780,26514,26009,1
633,301152,2018-01-11T10:24:20.780,26514,23607,1
634,301603,2018-01-12T14:37:32.890,26565,13490,1
635,301676,2018-01-12T17:42:51.100,18848,25502,1
636,302164,2018-01-14T23:15:31.493,26623,17759,1
637,302266,2018-01-15T11:59:37.477,26597,15903,1
638,302282,2018-01-15T12:26:52.293,26516,26411,1
639,302283,2018-01-15T12:34:43.790,26633,155,1
640,302385,2018-01-15T16:22:34.080,26656,22086,1
641,302892,2018-01-17T03:06:57.587,26674,26454,1
642,303035,2018-01-17T14:26:56.633,16182,25315,1
643,303061,2018-01-17T15:34:57.760,26751,25407,1
644,303252,2018-01-18T10:15:09.947,26775,9758,1
645,303537,2018-01-19T09:18:08.660,26818,22,1
646,306953,2018-01-19T18:40:33.983,26842,869,1
647,307232,2018-01-20T12:06:07.983,26838,15903,1
648,307270,2018-01-20T13:55:44.893,26844,26854,1
649,307276,2018-01-20T14:23:45.067,26843,25315,1
650,307285,2018-01-20T14:45:14.473,26836,15903,1
651,307286,2018-01-20T14:45:14.473,26836,26597,1
652,307676,2018-01-21T15:09:07.323,26886,11928,1
653,309225,2018-01-24T18:30:33.113,26618,21889,1
654,309482,2018-01-25T08:47:32.763,26789,2646,1
655,309675,2018-01-25T14:58:18.510,26618,15903,1
656,309676,2018-01-25T14:58:18.510,26618,26597,1
657,309910,2018-01-25T20:22:17.497,27038,9823,1
658,310166,2018-01-26T09:00:41.270,27056,15903,1
659,310290,2018-01-26T15:46:55.330,27081,3699,1
660,311234,2018-01-28T14:52:38.803,24722,27147,1
661,311337,2018-01-28T18:16:13.273,27105,25209,1
662,311930,2018-01-29T17:43:30.063,27193,15903,1
663,311931,2018-01-29T17:43:30.063,27193,26597,1
664,312298,2018-01-30T10:42:54.193,27234,5990,1
665,312299,2018-01-30T10:42:54.193,27234,13567,1
666,312348,2018-01-30T12:36:50.890,26674,27082,1
667,312798,2018-01-31T06:49:51.467,27262,26290,1
668,312799,2018-01-31T06:49:51.467,27262,26382,1
669,312904,2018-01-31T10:45:10.003,27286,8847,1
670,313260,2018-01-31T20:54:31.097,27311,20535,1
671,313270,2018-01-31T21:15:58.670,24722,9850,1
672,313543,2018-02-01T13:09:30.333,27340,10615,1
673,313652,2018-02-01T16:03:43.370,27348,128,1
674,315753,2018-02-04T04:22:31.727,14042,27446,1
675,316022,2018-02-04T13:02:33.307,17839,27436,1
676,316165,2018-02-04T17:07:56.327,27307,21896,1
677,316241,2018-02-04T18:58:47.513,27454,26597,1
678,317916,2018-02-06T13:54:38.703,27520,869,1
679,318515,2018-02-07T07:01:26.947,27542,12554,1
680,318639,2018-02-07T09:05:44.473,27539,27012,1
681,319380,2018-02-07T17:08:45.123,27563,27533,1
682,321762,2018-02-10T08:34:17.093,27665,23493,1
683,321916,2018-02-10T11:18:25.340,27671,19553,1
684,322660,2018-02-11T08:40:05.703,27694,15903,1
685,323508,2018-02-12T07:33:11.487,27713,17921,1
686,323509,2018-02-12T07:33:11.487,27713,15016,1
687,323682,2018-02-12T10:28:31.737,27709,19392,1
688,323683,2018-02-12T10:28:31.737,27709,18481,1
689,323997,2018-02-12T16:25:04.177,27725,27012,1
690,323998,2018-02-12T16:25:04.177,27725,27539,1
691,324393,2018-02-13T07:11:48.067,27753,19392,1
692,324394,2018-02-13T07:11:48.067,27753,18481,1
693,324635,2018-02-13T13:12:44.693,19553,27671,1
694,325372,2018-02-14T11:18:47.790,27792,15257,1
695,325599,2018-02-14T15:09:02.193,27628,10615,1
696,326805,2018-02-15T20:21:34.307,26643,27866,1
697,327231,2018-02-16T11:00:00.030,27874,27631,1
698,327266,2018-02-16T12:19:05.650,27888,27671,1
699,328474,2018-02-17T16:52:43.043,27927,25268,1
700,329593,2018-02-18T21:28:04.587,27958,27898,1
701,329995,2018-02-19T12:20:32.197,27972,27923,1
702,330371,2018-02-19T21:29:31.777,27972,27923,3
703,330372,2018-02-19T21:29:50.737,27958,27898,3
704,330804,2018-02-20T12:38:32.183,28025,12919,1
705,330862,2018-02-20T13:46:21.417,28030,27795,1
706,330892,2018-02-20T14:06:48.713,28035,17286,1
707,331639,2018-02-21T08:43:47.870,28087,12909,1
708,331779,2018-02-21T11:37:22.347,28013,27829,1
709,331832,2018-02-21T13:05:56.647,28070,26597,1
710,332562,2018-02-22T02:12:20.883,28131,28156,1
711,333357,2018-02-22T18:06:10.700,28192,18123,1
712,334474,2018-02-23T23:39:16.433,28247,28002,1
713,334674,2018-02-24T06:47:55.610,28244,15903,1
714,334675,2018-02-24T06:47:55.610,28244,26597,1
715,334737,2018-02-24T09:32:48.703,28253,26419,1
716,335168,2018-02-24T19:24:05.427,28187,24319,1
717,335788,2018-02-25T13:27:51.203,16342,9488,1
718,337534,2018-02-27T12:39:19.380,28353,27957,1
719,337815,2018-02-27T17:11:07.273,28360,27671,1
720,337831,2018-02-27T17:37:09.670,28339,27959,1
721,338123,2018-02-28T07:37:24.870,28383,27625,1
722,338236,2018-02-28T10:05:33.200,17368,26958,1
723,339406,2018-03-01T12:52:26.937,28455,26449,1
724,340225,2018-03-02T06:55:00.483,28506,4942,1
725,341605,2018-03-03T17:31:44.477,24534,28411,1
726,343588,2018-03-07T05:57:10.740,28719,26874,1
727,343847,2018-03-07T16:05:41.910,28747,28691,1
728,344096,2018-03-08T08:49:55.190,28775,28383,1
729,344177,2018-03-08T12:46:31.747,28800,18572,1
730,344293,2018-03-08T17:00:24.147,28810,28747,1
731,344630,2018-03-09T08:13:59.983,28822,25315,1
732,344887,2018-03-09T17:00:42.580,28810,28884,1
733,344908,2018-03-09T17:19:01.747,28884,28411,1
734,344913,2018-03-09T17:51:11.963,28877,26597,1
735,345079,2018-03-10T06:54:34.713,28512,28383,1
